DataX;DataY;DataZ;DataS
1;12;1079.181246;0.01
2;1000;3000;0.03
3;954;2979.548375;0.02
4;2543;3405.34636;0.024
6;-600;0;-0.06
7;-1280;0;-0.025
8;10;1000;0.01
9;14;1146.128036;0.03
10;180;2255.272505;0.02
11;690;2838.849091;0.024
13;1289;3110.252917;-0.06
14;5872;3768.786047;-0.025
16;4532;3656.289901;0.01
17;6789;3831.805809;0.03
18;654;2815.577748;0.02
19;432;2635.483747;0.024
20;210;2322.219295;-0.06
